<keymap version="1" name="Visual Studio copy" parent="Visual Studio">
  <action id="CheckinProject" />
  <action id="CommentByBlockComment">
    <keyboard-shortcut first-keystroke="shift ctrl k" second-keystroke="shift ctrl c" />
    <keyboard-shortcut first-keystroke="shift ctrl k" second-keystroke="shift ctrl u" />
  </action>
  <action id="CommentByLineComment">
    <keyboard-shortcut first-keystroke="ctrl k" second-keystroke="ctrl c" />
    <keyboard-shortcut first-keystroke="ctrl k" second-keystroke="ctrl u" />
  </action>
  <action id="Diff.ShowDiff">
    <mouse-shortcut keystroke="button1 doubleClick" />
  </action>
  <action id="RenameElement">
    <keyboard-shortcut first-keystroke="ctrl r" second-keystroke="ctrl r" />
  </action>
  <action id="Vcs.Push" />
</keymap>