{
  "posts": [
    {
      "id": "146b8632-ab20-479c-a67d-3cd9f50231e8",
      "title": "in hac habitasse platea dictumst maecenas ut massa quis augue",
      "publishDate": "2020-09-28T15:59:05Z",
      "author": {
        "name": "Bunnie Mathey",
        "avatar": "https://robohash.org/quamnonet.jpg?size=50x50&set=set1"
      },
      "summary": "Maecenas rhoncus aliquam lacus. Morbi quis tortor id nulla ultrices aliquet. Maecenas leo odio, condimentum id, luctus nec, molestie sed, justo.",
      "categories": [
        {
          "id": "5ee1187a-26f3-4819-b710-ccd99efc94df",
          "name": "Surveys and Forms"
        },
        {
          "id": "dc431d44-e26e-4bec-a2bd-a8ba1cd8b95d",
          "name": "Digital Marketing"
        },
        {
          "id": "0756ceeb-48d1-495a-9e47-8bdbc4a231d4",
          "name": "Platform News and Updates"
        },
        {
          "id": "b4f70697-928c-4838-8f34-3bf0fc101792",
          "name": "Tips and Best Practise"
        }
      ]
    },
    {
      "id": "9dfb1c88-e2ef-4bb4-bf3e-78f7db0440b0",
      "title": "justo sit amet sapien dignissim vestibulum",
      "publishDate": "2020-07-29T04:07:33Z",
      "author": {
        "name": "Murielle Sommersett",
        "avatar": "https://robohash.org/estdoloribuscum.jpg?size=50x50&set=set1"
      },
      "summary": "Morbi a ipsum. Integer a nibh. In quis justo.",
      "categories": [
        {
          "id": "9f91e03a-1ec9-44b5-b264-76acdf10654c",
          "name": "Data Management"
        },
        {
          "id": "96058229-6df5-45a3-9dcb-ce4e79b70c38",
          "name": "Surveys and Forms"
        },
        {
          "id": "64e0f65b-016b-4910-8fef-bb77922aab43",
          "name": "Marketing Analytics"
        }
      ]
    },
    {
      "id": "35657ee5-be2b-4522-bf34-005537039d8d",
      "title": "vestibulum proin eu mi nulla ac",
      "publishDate": "2019-11-27T20:15:43Z",
      "author": {
        "name": "Cornall Pharro",
        "avatar": "https://robohash.org/utquiaut.png?size=50x50&set=set1"
      },
      "summary": "Etiam justo. Etiam pretium iaculis justo.",
      "categories": [
        {
          "id": "0b4ca801-0534-4313-ad58-5198ab1a4ce8",
          "name": "Landing Pages"
        },
        {
          "id": "c17d8c07-f0cb-4e65-ac69-54da9f3935a5",
          "name": "Marketing Analytics"
        },
        {
          "id": "d939e6c4-1a1c-4b9f-bc20-05b9fa8c29a6",
          "name": "Ecommerce"
        },
        {
          "id": "925aa7c0-1f86-41b8-9ecc-8a2b7d044c44",
          "name": "Ecommerce"
        },
        {
          "id": "b6e83129-d079-475d-a349-9d0510f7d8ff",
          "name": "Tips and Best Practise"
        }
      ]
    },
    {
      "id": "207bf922-3a18-481f-87fa-98640dc0bbd8",
      "title": "sed augue aliquam erat volutpat in congue etiam",
      "publishDate": "2020-10-29T06:46:29Z",
      "author": {
        "name": "Lari Astie",
        "avatar": "https://robohash.org/quiprovidentet.png?size=50x50&set=set1"
      },
      "summary": "Cras pellentesque volutpat dui. Maecenas tristique, est et tempus semper, est quam pharetra magna, ac consequat metus sapien ut nunc.",
      "categories": [
        {
          "id": "ecc659ed-88ce-47ce-bc48-d3a260cbca92",
          "name": "Marketing Analytics"
        },
        {
          "id": "7afaf2b7-5882-4698-a76a-5a5093783d4f",
          "name": "Landing Pages"
        },
        {
          "id": "b0b542f2-ef3d-4765-9853-da0bb2e89443",
          "name": "Data Management"
        }
      ]
    },
    {
      "id": "77421c4c-2e17-4fdc-af37-b9acdc7353ff",
      "title": "interdum venenatis turpis enim blandit mi in porttitor pede justo",
      "publishDate": "2020-09-09T00:57:44Z",
      "author": {
        "name": "Osbourn Laborda",
        "avatar": "https://robohash.org/voluptasetsit.png?size=50x50&set=set1"
      },
      "summary": "In sagittis dui vel nisl. Duis ac nibh. Fusce lacus purus, aliquet at, feugiat non, pretium quis, lectus.",
      "categories": [
        {
          "id": "2cae1f5a-9cad-411e-ac54-941aba4e4c3b",
          "name": "Marketing Analytics"
        },
        {
          "id": "3f488d91-2d3b-4ffd-9ec8-308baf8bde75",
          "name": "Ecommerce"
        },
        {
          "id": "9fabe083-6681-4546-b758-2312d39e2cd5",
          "name": "Surveys and Forms"
        }
      ]
    },
    {
      "id": "52dbeb0a-3b89-4664-b715-5387cad4ab64",
      "title": "in lacus curabitur at ipsum ac tellus semper",
      "publishDate": "2020-09-22T06:57:26Z",
      "author": {
        "name": "Gracie Bittany",
        "avatar": "https://robohash.org/inventoreevenietofficia.bmp?size=50x50&set=set1"
      },
      "summary": "Nullam varius. Nulla facilisi.",
      "categories": [
        {
          "id": "1521fd52-e30c-43ee-9d44-40c1ded9a293",
          "name": "Email Marketing"
        },
        {
          "id": "9969dcd1-4fd6-4471-a6eb-e1be4c62698e",
          "name": "Tips and Best Practise"
        },
        {
          "id": "1691b86a-fd46-4ea7-8a78-3034b8850def",
          "name": "Digital Marketing"
        },
        {
          "id": "987162f5-fea9-48e5-a981-a642bb6a9af1",
          "name": "Marketing Automation"
        },
        {
          "id": "951ccd47-ab80-4132-9562-152c82745da8",
          "name": "Marketing Analytics"
        }
      ]
    },
    {
      "id": "a50ad3e0-8505-42b9-a2b6-29ff38d750d8",
      "title": "turpis a pede posuere nonummy integer non velit",
      "publishDate": "2020-08-15T11:14:18Z",
      "author": {
        "name": "Cherie Soughton",
        "avatar": "https://robohash.org/esseofficiaautem.jpg?size=50x50&set=set1"
      },
      "summary": "Maecenas tincidunt lacus at velit. Vivamus vel nulla eget eros elementum pellentesque.",
      "categories": [
        {
          "id": "86efad66-43ff-47a3-b74b-5cea03dccc51",
          "name": "Tips and Best Practise"
        },
        {
          "id": "c0b1de2c-b0c3-44fd-99dc-5bf39bc1e199",
          "name": "Ecommerce"
        },
        {
          "id": "6eade467-8690-419f-80f7-07bf90887e69",
          "name": "Digital Marketing"
        },
        {
          "id": "20b5ae43-8fb5-4995-a9e9-a3bd3a3f54a6",
          "name": "Ecommerce"
        },
        {
          "id": "9790d341-ba01-4f7b-9558-be61dc89e9e1",
          "name": "Marketing Automation"
        }
      ]
    },
    {
      "id": "4de84bb5-635a-4235-bc64-b3f658eb5df6",
      "title": "ultrices enim lorem ipsum dolor sit amet consectetuer adipiscing",
      "publishDate": "2020-05-27T06:29:58Z",
      "author": {
        "name": "Yale Deakan",
        "avatar": "https://robohash.org/consequatursiteligendi.bmp?size=50x50&set=set1"
      },
      "summary": "Integer tincidunt ante vel ipsum. Praesent blandit lacinia erat.",
      "categories": [
        {
          "id": "2d291699-242c-4136-87b9-ae45c1754741",
          "name": "Digital Marketing"
        },
        {
          "id": "94945722-897b-4bdf-90a0-d567630f4eb9",
          "name": "Ecommerce"
        },
        {
          "id": "0f032d72-afc3-4595-a821-76aff0d01249",
          "name": "Tips and Best Practise"
        },
        {
          "id": "d6999f8b-4116-427e-85d1-5ac9e97c34b7",
          "name": "Data Management"
        },
        {
          "id": "4f2e5785-e66a-4ca3-86a3-b210b5e71a30",
          "name": "Ecommerce"
        }
      ]
    },
    {
      "id": "bf6adea3-5d4a-46bb-9c63-fc6d45fb1367",
      "title": "turpis sed ante vivamus tortor duis",
      "publishDate": "2020-10-16T11:19:57Z",
      "author": {
        "name": "Shirline Duiguid",
        "avatar": "https://robohash.org/teneturvoluptatumfugit.png?size=50x50&set=set1"
      },
      "summary": "Nulla suscipit ligula in lacus. Curabitur at ipsum ac tellus semper interdum.",
      "categories": [
        {
          "id": "185f3c42-2beb-4b18-b269-aab3c3e1ef2b",
          "name": "Tips and Best Practise"
        },
        {
          "id": "f4af6685-549b-4893-8e2c-dfdac667dbc0",
          "name": "Data Management"
        },
        {
          "id": "2d2b0be0-ac24-4da4-8279-a8ad1e5c23ac",
          "name": "Marketing Analytics"
        },
        {
          "id": "b10b3d44-330c-48f9-910f-6ab9a4b7f864",
          "name": "Platform News and Updates"
        }
      ]
    },
    {
      "id": "11cbdfa5-648b-423c-86e0-1ba78f52c7e8",
      "title": "ut odio cras mi pede malesuada in",
      "publishDate": "2020-03-11T19:23:39Z",
      "author": {
        "name": "Winne Bearward",
        "avatar": "https://robohash.org/quodconsequunturvoluptatem.jpg?size=50x50&set=set1"
      },
      "summary": "Nullam sit amet turpis elementum ligula vehicula consequat. Morbi a ipsum.",
      "categories": [
        {
          "id": "c61f6d4b-8284-4e00-bc56-e6fae4e65bd5",
          "name": "Landing Pages"
        },
        {
          "id": "d4c7ee01-3212-4bef-b709-db44296b04f1",
          "name": "Marketing Automation"
        },
        {
          "id": "6b50ba26-44d8-4142-81cf-fb4a2de9e40c",
          "name": "Landing Pages"
        },
        {
          "id": "f12f0d79-403c-4532-bd35-ee7140e1f0d7",
          "name": "Marketing Analytics"
        },
        {
          "id": "b839b023-a382-4be5-90c5-eca666a35425",
          "name": "Marketing Automation"
        }
      ]
    },
    {
      "id": "d013dd84-3f21-4068-a6a2-385ddf34d38f",
      "title": "nulla ac enim in tempor turpis nec euismod scelerisque quam",
      "publishDate": "2020-02-28T17:31:52Z",
      "author": {
        "name": "Tailor Roulston",
        "avatar": "https://robohash.org/dictaodioillo.png?size=50x50&set=set1"
      },
      "summary": "Donec vitae nisi. Nam ultrices, libero non mattis pulvinar, nulla pede ullamcorper augue, a suscipit nulla elit ac nulla. Sed vel enim sit amet nunc viverra dapibus.",
      "categories": [
        {
          "id": "512b4b20-b7b3-4807-b35f-ee4941ac2e55",
          "name": "Email Marketing"
        }
      ]
    },
    {
      "id": "4d0a4fd7-9c28-471d-bde4-e71f98d8dc01",
      "title": "habitasse platea dictumst maecenas ut massa quis augue",
      "publishDate": "2020-09-05T17:42:06Z",
      "author": {
        "name": "Josiah Warbey",
        "avatar": "https://robohash.org/occaecatidictanesciunt.png?size=50x50&set=set1"
      },
      "summary": "Phasellus in felis. Donec semper sapien a libero. Nam dui.",
      "categories": [
        {
          "id": "609e77a8-eb9e-4e50-ba43-aabe984b2fe6",
          "name": "Digital Marketing"
        },
        {
          "id": "e8226205-fc51-486b-b4c0-016ae2bc6044",
          "name": "Landing Pages"
        },
        {
          "id": "3b8be3d7-d5c7-4005-9973-ad34e1203fb3",
          "name": "Marketing Automation"
        },
        {
          "id": "3a455b81-3890-49bc-bc94-3869d807939f",
          "name": "Surveys and Forms"
        }
      ]
    },
    {
      "id": "0dc72956-8466-4484-b8d6-4e10805ec00c",
      "title": "eu felis fusce posuere felis sed",
      "publishDate": "2020-07-29T01:13:20Z",
      "author": {
        "name": "Juieta Tunesi",
        "avatar": "https://robohash.org/voluptasrepellendusquis.jpg?size=50x50&set=set1"
      },
      "summary": "Vivamus tortor. Duis mattis egestas metus. Aenean fermentum.",
      "categories": [
        {
          "id": "f044a3bc-6c09-42a6-8d70-d49e3496dcdf",
          "name": "Tips and Best Practise"
        },
        {
          "id": "453fe15d-e9d0-401c-97cc-4f7406fbaa45",
          "name": "Tips and Best Practise"
        },
        {
          "id": "67d770d3-2787-43d3-bf72-c79576d0924b",
          "name": "Marketing Analytics"
        },
        {
          "id": "c3fe6adc-a194-4610-8082-9b72204ece43",
          "name": "Landing Pages"
        },
        {
          "id": "16822252-1cc0-400f-bf06-ca7bdcfbcab3",
          "name": "Digital Marketing"
        }
      ]
    },
    {
      "id": "b88f75d3-b5b6-4c3f-98b6-591621bfdf26",
      "title": "eget semper rutrum nulla nunc purus phasellus in felis donec semper sapien",
      "publishDate": "2020-01-16T14:52:20Z",
      "author": {
        "name": "Dede Newing",
        "avatar": "https://robohash.org/providentaliasa.bmp?size=50x50&set=set1"
      },
      "summary": "Suspendisse accumsan tortor quis turpis. Sed ante.",
      "categories": [
        {
          "id": "3506591b-96e9-41fd-a69d-86883781096f",
          "name": "Marketing Analytics"
        }
      ]
    },
    {
      "id": "f9fb39aa-0e41-4f99-bff9-5b8b9164616c",
      "title": "ultrices posuere cubilia curae duis faucibus accumsan",
      "publishDate": "2020-01-01T07:50:33Z",
      "author": {
        "name": "Erhart Haddleston",
        "avatar": "https://robohash.org/nonexercitationemanimi.bmp?size=50x50&set=set1"
      },
      "summary": "Etiam vel augue. Vestibulum rutrum rutrum neque. Aenean auctor gravida sem.",
      "categories": [
        {
          "id": "48fcc8f4-2dfc-4347-89bf-3adb9099aa59",
          "name": "Digital Marketing"
        },
        {
          "id": "168ea582-5c93-4fe2-bf02-76719fb11f09",
          "name": "Data Management"
        },
        {
          "id": "b822d941-b861-470d-814f-5c0387dbb598",
          "name": "Digital Marketing"
        },
        {
          "id": "725f5bdc-2710-4ee1-92b5-22e0237ff3e6",
          "name": "Marketing Automation"
        }
      ]
    },
    {
      "id": "6b2dee67-d4d3-4412-9e4d-1dcd4f9de6ba",
      "title": "mauris viverra diam vitae quam suspendisse",
      "publishDate": "2020-03-30T19:18:42Z",
      "author": {
        "name": "Jarid Bruniges",
        "avatar": "https://robohash.org/namvoluptatemrepudiandae.jpg?size=50x50&set=set1"
      },
      "summary": "Nam nulla. Integer pede justo, lacinia eget, tincidunt eget, tempus vel, pede. Morbi porttitor lorem id ligula.",
      "categories": [
        {
          "id": "ae606a65-a819-4065-84bc-2b18bd14f2d3",
          "name": "Tips and Best Practise"
        }
      ]
    },
    {
      "id": "63ec5c9f-152e-4a50-8949-d5d3ecc3539b",
      "title": "sapien urna pretium nisl ut volutpat sapien arcu sed augue",
      "publishDate": "2020-02-28T02:14:29Z",
      "author": {
        "name": "Conrade Tatlock",
        "avatar": "https://robohash.org/facereetsint.jpg?size=50x50&set=set1"
      },
      "summary": "Aenean fermentum. Donec ut mauris eget massa tempor convallis.",
      "categories": [
        {
          "id": "2c98956e-dce7-4775-8826-d06dd268fdda",
          "name": "Email Marketing"
        }
      ]
    },
    {
      "id": "aa6b28b3-036c-419f-863b-ff0c76c22315",
      "title": "id nisl venenatis lacinia aenean sit",
      "publishDate": "2020-03-11T00:20:43Z",
      "author": {
        "name": "Merla Patters",
        "avatar": "https://robohash.org/molestiaelaudantiumdolorum.png?size=50x50&set=set1"
      },
      "summary": "In hac habitasse platea dictumst. Maecenas ut massa quis augue luctus tincidunt.",
      "categories": [
        {
          "id": "b6e6ed1c-f65b-4edb-857a-21faf2e08f88",
          "name": "Digital Marketing"
        }
      ]
    },
    {
      "id": "12e1f069-eee0-4f1c-b30a-ed81f3763cae",
      "title": "nisl duis bibendum felis sed interdum venenatis turpis enim blandit mi in",
      "publishDate": "2020-01-02T03:30:45Z",
      "author": {
        "name": "Gena Moggie",
        "avatar": "https://robohash.org/nonasperioresnecessitatibus.png?size=50x50&set=set1"
      },
      "summary": "Morbi vestibulum, velit id pretium iaculis, diam erat fermentum justo, nec condimentum neque sapien placerat ante. Nulla justo. Aliquam quis turpis eget elit sodales scelerisque.",
      "categories": [
        {
          "id": "73525229-e97f-41ee-a99b-93e210baa57d",
          "name": "Marketing Analytics"
        },
        {
          "id": "5d804bee-5d4b-43ab-917a-6172cbe63bb1",
          "name": "Email Marketing"
        },
        {
          "id": "c02de7b6-b988-4923-82c3-7aa01835e109",
          "name": "Marketing Automation"
        }
      ]
    },
    {
      "id": "3cdc0878-c8ab-4ccc-87b5-a4f42999b0a5",
      "title": "ornare imperdiet sapien urna pretium nisl ut volutpat sapien",
      "publishDate": "2020-05-07T08:41:42Z",
      "author": {
        "name": "Terrijo Tollerton",
        "avatar": "https://robohash.org/atcumquevoluptates.bmp?size=50x50&set=set1"
      },
      "summary": "Vivamus in felis eu sapien cursus vestibulum. Proin eu mi. Nulla ac enim.",
      "categories": [
        {
          "id": "83e35647-ba43-434d-b920-5eadc25ab699",
          "name": "Landing Pages"
        }
      ]
    },
    {
      "id": "b1ce450e-9bfe-476d-b32f-4d6ee4df7928",
      "title": "sit amet lobortis sapien sapien non mi integer ac neque duis bibendum",
      "publishDate": "2020-05-06T03:26:20Z",
      "author": {
        "name": "Madison Katte",
        "avatar": "https://robohash.org/sequiinautem.jpg?size=50x50&set=set1"
      },
      "summary": "Nulla justo. Aliquam quis turpis eget elit sodales scelerisque.",
      "categories": [
        {
          "id": "4e5de273-b864-4809-aee1-e6a26a0802be",
          "name": "Email Marketing"
        },
        {
          "id": "113f0beb-eb56-4929-afc5-a9ad8d8f408b",
          "name": "Digital Marketing"
        },
        {
          "id": "595ebb48-8b5e-41ff-b54d-34c422238200",
          "name": "Landing Pages"
        },
        {
          "id": "50f9f178-7930-4740-bd4b-d86338f0f4b6",
          "name": "Email Marketing"
        },
        {
          "id": "26ce2120-d088-429e-a095-e10a89828d9b",
          "name": "Digital Marketing"
        }
      ]
    },
    {
      "id": "36b8fc98-43b1-4bb2-bafa-b49f65106df5",
      "title": "hac habitasse platea dictumst etiam faucibus cursus urna",
      "publishDate": "2020-04-20T10:46:03Z",
      "author": {
        "name": "Lyndsey Sliney",
        "avatar": "https://robohash.org/voluptasvoluptatemmolestias.png?size=50x50&set=set1"
      },
      "summary": "Nunc nisl. Duis bibendum, felis sed interdum venenatis, turpis enim blandit mi, in porttitor pede justo eu massa.",
      "categories": [
        {
          "id": "2413721f-54d9-44e8-9eb7-1a68d1117260",
          "name": "Digital Marketing"
        },
        {
          "id": "9b0876e7-19f7-4403-b716-c8591e138a77",
          "name": "Landing Pages"
        },
        {
          "id": "46e0ea13-a681-433c-bea8-73cb2d626fb7",
          "name": "Marketing Automation"
        },
        {
          "id": "af302e06-c211-441e-86cf-c1c77a08238f",
          "name": "Landing Pages"
        }
      ]
    },
    {
      "id": "b0cc71fa-2013-434b-a2ec-25b1659791ae",
      "title": "sapien sapien non mi integer ac neque duis bibendum morbi",
      "publishDate": "2020-04-20T05:33:07Z",
      "author": {
        "name": "Julian de Courcey",
        "avatar": "https://robohash.org/quinecessitatibuset.png?size=50x50&set=set1"
      },
      "summary": "Morbi vestibulum, velit id pretium iaculis, diam erat fermentum justo, nec condimentum neque sapien placerat ante. Nulla justo.",
      "categories": [
        {
          "id": "c08c8be6-245d-43e3-8bfb-2aeb660c233b",
          "name": "Landing Pages"
        },
        {
          "id": "c8039bff-bb13-487c-a52d-b5ab14d8e9a8",
          "name": "Data Management"
        }
      ]
    },
    {
      "id": "215df894-e75e-48a4-b781-f17d14888ccf",
      "title": "in felis eu sapien cursus vestibulum proin eu mi nulla",
      "publishDate": "2020-06-09T09:00:48Z",
      "author": {
        "name": "Raf Yoell",
        "avatar": "https://robohash.org/excepturioccaecatiaut.bmp?size=50x50&set=set1"
      },
      "summary": "Etiam faucibus cursus urna. Ut tellus.",
      "categories": [
        {
          "id": "b4458f9c-f0b4-4ec1-8c4f-65b51d4a5424",
          "name": "Marketing Automation"
        }
      ]
    },
    {
      "id": "ac866cf1-dded-482f-b586-8e2624efb082",
      "title": "ullamcorper purus sit amet nulla quisque",
      "publishDate": "2020-07-12T14:49:35Z",
      "author": {
        "name": "Jenelle Pinckney",
        "avatar": "https://robohash.org/ametipsumdignissimos.jpg?size=50x50&set=set1"
      },
      "summary": "Nam nulla. Integer pede justo, lacinia eget, tincidunt eget, tempus vel, pede. Morbi porttitor lorem id ligula.",
      "categories": [
        {
          "id": "ec178edc-c90d-4f91-a46b-6e0e0ec8b677",
          "name": "Digital Marketing"
        },
        {
          "id": "0f0b5935-5f3f-422f-8ab2-e044fb4c838c",
          "name": "Landing Pages"
        }
      ]
    },
    {
      "id": "89407f9c-5db9-449b-9a3a-772b4859ec47",
      "title": "rhoncus aliquet pulvinar sed nisl nunc rhoncus dui vel sem sed sagittis",
      "publishDate": "2020-09-27T00:41:45Z",
      "author": {
        "name": "Enid Gigg",
        "avatar": "https://robohash.org/quisquamcorporissit.png?size=50x50&set=set1"
      },
      "summary": "Donec odio justo, sollicitudin ut, suscipit a, feugiat et, eros. Vestibulum ac est lacinia nisi venenatis tristique.",
      "categories": [
        {
          "id": "841fb206-82a8-42ea-b400-7d48791eca25",
          "name": "Data Management"
        },
        {
          "id": "bcfd63c2-c540-43ec-84ad-bbaa9fe8d312",
          "name": "Surveys and Forms"
        },
        {
          "id": "cc90bde8-c7ce-4eb7-ac4e-3a196214a8c4",
          "name": "Platform News and Updates"
        },
        {
          "id": "0ded8251-bc3b-40f3-a401-f965cb3ee221",
          "name": "Marketing Automation"
        }
      ]
    },
    {
      "id": "586b61da-383c-44d0-a295-de54ce131d3e",
      "title": "morbi non lectus aliquam sit amet diam in magna",
      "publishDate": "2020-05-25T04:08:31Z",
      "author": {
        "name": "Erina Servis",
        "avatar": "https://robohash.org/voluptatemmaximesequi.jpg?size=50x50&set=set1"
      },
      "summary": "Nulla mollis molestie lorem. Quisque ut erat.",
      "categories": [
        {
          "id": "0a5984ac-33d5-4203-8f93-f5dc06a07da2",
          "name": "Marketing Analytics"
        },
        {
          "id": "4f892656-ac93-4ec5-9505-9d2bd8522172",
          "name": "Data Management"
        }
      ]
    },
    {
      "id": "7ed0a6bc-eed4-4f38-931d-b6a1a0bc3cb9",
      "title": "neque sapien placerat ante nulla justo aliquam quis turpis eget elit",
      "publishDate": "2019-12-24T04:13:27Z",
      "author": {
        "name": "Hillie Treanor",
        "avatar": "https://robohash.org/laboreaccusantiumeaque.png?size=50x50&set=set1"
      },
      "summary": "Nullam porttitor lacus at turpis. Donec posuere metus vitae ipsum. Aliquam non mauris.",
      "categories": [
        {
          "id": "ae7e33c6-5643-4647-bb90-7b37979d8cc6",
          "name": "Email Marketing"
        },
        {
          "id": "db53bb24-8aba-480c-bcd9-7409d6eb9c91",
          "name": "Landing Pages"
        }
      ]
    },
    {
      "id": "abeefc0e-9ea4-4512-b477-ed1b93952880",
      "title": "potenti in eleifend quam a odio in hac habitasse platea dictumst",
      "publishDate": "2020-06-24T23:12:20Z",
      "author": {
        "name": "Valery Ganforthe",
        "avatar": "https://robohash.org/eumutrem.png?size=50x50&set=set1"
      },
      "summary": "Ut at dolor quis odio consequat varius. Integer ac leo. Pellentesque ultrices mattis odio.",
      "categories": [
        {
          "id": "99e27841-828f-47b5-bd1b-a5b4445967a4",
          "name": "Email Marketing"
        },
        {
          "id": "3b63a331-a9f4-495e-9a7c-0abb0456a1d2",
          "name": "Platform News and Updates"
        },
        {
          "id": "0b4106eb-605c-4e70-aa42-33e61000499b",
          "name": "Email Marketing"
        }
      ]
    },
    {
      "id": "a63f554c-c5e5-4d01-86b8-6b4274b34c62",
      "title": "tellus in sagittis dui vel nisl duis ac nibh fusce lacus",
      "publishDate": "2020-01-10T22:36:14Z",
      "author": {
        "name": "Tim Kemery",
        "avatar": "https://robohash.org/expeditadictalaborum.jpg?size=50x50&set=set1"
      },
      "summary": "Nulla justo. Aliquam quis turpis eget elit sodales scelerisque.",
      "categories": [
        {
          "id": "404cba80-d5f8-4622-8a4b-60f0149475ad",
          "name": "Marketing Automation"
        },
        {
          "id": "cd4af84f-a59d-4135-8f84-ab8ae4db978b",
          "name": "Email Marketing"
        },
        {
          "id": "de08c03b-62de-411e-9936-7c8be0230642",
          "name": "Platform News and Updates"
        }
      ]
    },
    {
      "id": "edcf20d3-8fd0-4f09-b727-0baa1719bebb",
      "title": "in faucibus orci luctus et ultrices posuere",
      "publishDate": "2020-04-22T07:47:37Z",
      "author": {
        "name": "Herculie Estcot",
        "avatar": "https://robohash.org/solutadelenitiasperiores.jpg?size=50x50&set=set1"
      },
      "summary": "Nam congue, risus semper porta volutpat, quam pede lobortis ligula, sit amet eleifend pede libero quis orci. Nullam molestie nibh in lectus. Pellentesque at nulla.",
      "categories": [
        {
          "id": "da503386-6231-44bc-b0e3-9cce4cf45401",
          "name": "Tips and Best Practise"
        },
        {
          "id": "99074b01-935b-40b3-91f4-03f38b3248a5",
          "name": "Landing Pages"
        },
        {
          "id": "db5d616a-56eb-4173-8d01-6508d4369df7",
          "name": "Marketing Analytics"
        }
      ]
    },
    {
      "id": "90a306fa-0f59-4692-8881-b12882d0205b",
      "title": "eget congue eget semper rutrum nulla",
      "publishDate": "2020-11-19T23:48:29Z",
      "author": {
        "name": "Darb Hawsby",
        "avatar": "https://robohash.org/quiamolestiasvel.bmp?size=50x50&set=set1"
      },
      "summary": "Proin at turpis a pede posuere nonummy. Integer non velit.",
      "categories": [
        {
          "id": "12a0b918-ba30-4710-a817-f370a0b93add",
          "name": "Email Marketing"
        },
        {
          "id": "efab7369-26aa-4e3a-aa69-2dab7f8e6e11",
          "name": "Platform News and Updates"
        },
        {
          "id": "79714cc2-bea8-4bdc-824a-061998b04e8f",
          "name": "Marketing Analytics"
        },
        {
          "id": "d79624bd-e9fd-4ed8-8b66-bf355265b3b4",
          "name": "Marketing Automation"
        }
      ]
    },
    {
      "id": "4a39885c-01e6-49e0-89ac-5463c0cce8a7",
      "title": "ante vel ipsum praesent blandit lacinia erat vestibulum",
      "publishDate": "2020-07-08T13:10:15Z",
      "author": {
        "name": "Hermie Woods",
        "avatar": "https://robohash.org/ipsaconsequuntursint.bmp?size=50x50&set=set1"
      },
      "summary": "Curabitur at ipsum ac tellus semper interdum. Mauris ullamcorper purus sit amet nulla.",
      "categories": [
        {
          "id": "df4bdb62-41b0-4ee9-81d4-9ffee576ce21",
          "name": "Email Marketing"
        },
        {
          "id": "e792af9d-1b1b-4a64-96d0-6c349d876f25",
          "name": "Landing Pages"
        }
      ]
    },
    {
      "id": "bc120837-905b-4597-abae-e140f9c1c513",
      "title": "metus arcu adipiscing molestie hendrerit at vulputate vitae nisl aenean lectus pellentesque",
      "publishDate": "2020-10-08T08:41:14Z",
      "author": {
        "name": "Myles Iacovacci",
        "avatar": "https://robohash.org/verovitaeet.bmp?size=50x50&set=set1"
      },
      "summary": "Morbi porttitor lorem id ligula. Suspendisse ornare consequat lectus. In est risus, auctor sed, tristique in, tempus sit amet, sem.",
      "categories": [
        {
          "id": "5bd25fec-ab9f-45f1-8203-72c25f1bdbef",
          "name": "Landing Pages"
        },
        {
          "id": "1ee36b90-e08d-4a32-8cec-02f5de060c28",
          "name": "Email Marketing"
        },
        {
          "id": "c5b93f5c-c25f-4814-8f07-bec626f155d3",
          "name": "Email Marketing"
        },
        {
          "id": "07a82ba1-3273-4c2e-91e3-3c7c5bf0f627",
          "name": "Email Marketing"
        },
        {
          "id": "b9b36c8b-e657-42fb-81a1-1045a28acb67",
          "name": "Landing Pages"
        }
      ]
    },
    {
      "id": "d98bdabd-b3fb-4061-9387-35bae3f7f41a",
      "title": "primis in faucibus orci luctus et ultrices posuere cubilia curae donec pharetra",
      "publishDate": "2020-01-14T00:15:55Z",
      "author": {
        "name": "Lauri Segebrecht",
        "avatar": "https://robohash.org/fugaremad.png?size=50x50&set=set1"
      },
      "summary": "Nam ultrices, libero non mattis pulvinar, nulla pede ullamcorper augue, a suscipit nulla elit ac nulla. Sed vel enim sit amet nunc viverra dapibus.",
      "categories": [
        {
          "id": "394059fa-b7e8-4bb0-9c75-344d2a521715",
          "name": "Platform News and Updates"
        },
        {
          "id": "ec422e64-8478-4d0a-97e9-3b6f9c24bbce",
          "name": "Digital Marketing"
        },
        {
          "id": "d8753ae2-26ec-49d7-9469-c9a776da444e",
          "name": "Ecommerce"
        },
        {
          "id": "d10c6b98-a6a3-40a9-a025-d59bc790fd36",
          "name": "Surveys and Forms"
        }
      ]
    },
    {
      "id": "e3eaaee6-df6d-46f2-9edf-01c2ee166df8",
      "title": "nulla dapibus dolor vel est donec odio justo",
      "publishDate": "2020-09-25T06:13:24Z",
      "author": {
        "name": "Merralee Moulden",
        "avatar": "https://robohash.org/voluptatesinaut.bmp?size=50x50&set=set1"
      },
      "summary": "Aliquam augue quam, sollicitudin vitae, consectetuer eget, rutrum at, lorem. Integer tincidunt ante vel ipsum.",
      "categories": [
        {
          "id": "6c3bcc85-86dd-4ae7-bc62-91a55dd2df2e",
          "name": "Ecommerce"
        },
        {
          "id": "58537765-ef70-4ba1-b318-066eefad7c27",
          "name": "Surveys and Forms"
        },
        {
          "id": "7c9a9e89-a44e-49d8-a092-c30374849320",
          "name": "Platform News and Updates"
        },
        {
          "id": "7a977f81-3b77-4fce-8324-202ea757f5eb",
          "name": "Marketing Analytics"
        }
      ]
    },
    {
      "id": "5f967137-b74a-44cb-82b4-8311c1a4f762",
      "title": "velit eu est congue elementum in",
      "publishDate": "2020-04-20T01:12:48Z",
      "author": {
        "name": "Rosalind Bulter",
        "avatar": "https://robohash.org/quasiquireprehenderit.bmp?size=50x50&set=set1"
      },
      "summary": "Curabitur in libero ut massa volutpat convallis. Morbi odio odio, elementum eu, interdum eu, tincidunt in, leo.",
      "categories": [
        {
          "id": "7a96bde2-f93d-4951-a572-2b14df6d66b8",
          "name": "Ecommerce"
        },
        {
          "id": "b764f955-5c46-45ab-8270-08a6e89b71b0",
          "name": "Tips and Best Practise"
        },
        {
          "id": "4c85d746-b0f1-406a-bf3f-fdb887fe1203",
          "name": "Digital Marketing"
        },
        {
          "id": "875bd0c2-627a-4786-84ed-2496f456a83b",
          "name": "Marketing Automation"
        }
      ]
    },
    {
      "id": "e46b32a3-9c08-46dd-9c89-343263583be0",
      "title": "semper rutrum nulla nunc purus phasellus in felis donec",
      "publishDate": "2020-10-31T14:48:27Z",
      "author": {
        "name": "Oswell Daventry",
        "avatar": "https://robohash.org/autsuntvoluptatibus.bmp?size=50x50&set=set1"
      },
      "summary": "Donec vitae nisi. Nam ultrices, libero non mattis pulvinar, nulla pede ullamcorper augue, a suscipit nulla elit ac nulla.",
      "categories": [
        {
          "id": "7d4e7e28-72bb-4960-b756-7fc4261bd0d7",
          "name": "Marketing Automation"
        },
        {
          "id": "ae0c8de8-9cf5-4e81-a472-7aa79689ed42",
          "name": "Marketing Automation"
        },
        {
          "id": "efa706f7-d1f2-4208-9d7d-20415e683951",
          "name": "Platform News and Updates"
        }
      ]
    },
    {
      "id": "5cbf5cde-0c3f-4877-bbca-a389fdd5458b",
      "title": "eros elementum pellentesque quisque porta volutpat erat quisque erat eros viverra",
      "publishDate": "2020-09-05T09:49:58Z",
      "author": {
        "name": "Walther Spatari",
        "avatar": "https://robohash.org/etquidolores.bmp?size=50x50&set=set1"
      },
      "summary": "Nulla ac enim. In tempor, turpis nec euismod scelerisque, quam turpis adipiscing lorem, vitae mattis nibh ligula nec sem.",
      "categories": [
        {
          "id": "755961ef-94f5-4691-adf3-fa209e8b5e30",
          "name": "Landing Pages"
        },
        {
          "id": "99c1c6f0-8839-4ea6-9d23-75a7a407e43f",
          "name": "Data Management"
        },
        {
          "id": "64405d43-327d-4964-a043-766ec17eb5cc",
          "name": "Ecommerce"
        }
      ]
    },
    {
      "id": "0db93708-0e0d-43ee-ae7d-156365d9daec",
      "title": "dapibus dolor vel est donec odio justo sollicitudin ut",
      "publishDate": "2020-02-07T13:13:57Z",
      "author": {
        "name": "Merna Childe",
        "avatar": "https://robohash.org/eosfacilisplaceat.jpg?size=50x50&set=set1"
      },
      "summary": "In hac habitasse platea dictumst. Aliquam augue quam, sollicitudin vitae, consectetuer eget, rutrum at, lorem.",
      "categories": [
        {
          "id": "a82e256c-794c-4feb-990f-bde9077f6c87",
          "name": "Data Management"
        },
        {
          "id": "3d7793b8-429f-4162-b4e7-fb55da5aa9a7",
          "name": "Digital Marketing"
        },
        {
          "id": "bf99dae2-235d-4902-bedc-4b5d645105eb",
          "name": "Platform News and Updates"
        },
        {
          "id": "284a56f0-8881-4180-85b3-94664c464484",
          "name": "Surveys and Forms"
        }
      ]
    }
  ]
}
